{
  "/api/learner/educational-attainment" : {
    "transaction" : "/api/learner/educational-attainment",
    "sampleCount" : 1644,
    "errorCount" : 1495,
    "errorPct" : 90.93674,
    "meanResTime" : 2095.710462287108,
    "medianResTime" : 1766.0,
    "minResTime" : 219.0,
    "maxResTime" : 23556.0,
    "pct1ResTime" : 2875.0,
    "pct2ResTime" : 3649.0,
    "pct3ResTime" : 22440.349999999995,
    "throughput" : 8.117997363132243,
    "receivedKBytesPerSec" : 4422.6558381823015,
    "sentKBytesPerSec" : 2.029499340783061
  },
  "Total" : {
    "transaction" : "Total",
    "sampleCount" : 1644,
    "errorCount" : 1495,
    "errorPct" : 90.93674,
    "meanResTime" : 2095.710462287108,
    "medianResTime" : 1766.0,
    "minResTime" : 219.0,
    "maxResTime" : 23556.0,
    "pct1ResTime" : 2875.0,
    "pct2ResTime" : 3649.0,
    "pct3ResTime" : 22440.349999999995,
    "throughput" : 8.117997363132243,
    "receivedKBytesPerSec" : 4422.6558381823015,
    "sentKBytesPerSec" : 2.029499340783061
  }
}