{
  "/api/learner/educational-attainment" : {
    "transaction" : "/api/learner/educational-attainment",
    "sampleCount" : 3233,
    "errorCount" : 3111,
    "errorPct" : 96.22642,
    "meanResTime" : 1062.5756263532326,
    "medianResTime" : 1186.0,
    "minResTime" : 160.0,
    "maxResTime" : 2358.0,
    "pct1ResTime" : 1276.6,
    "pct2ResTime" : 1309.0,
    "pct3ResTime" : 1378.0,
    "throughput" : 16.129515066852925,
    "receivedKBytesPerSec" : 36.80602869000698,
    "sentKBytesPerSec" : 4.7726983059144885
  },
  "Total" : {
    "transaction" : "Total",
    "sampleCount" : 3233,
    "errorCount" : 3111,
    "errorPct" : 96.22642,
    "meanResTime" : 1062.5756263532326,
    "medianResTime" : 1186.0,
    "minResTime" : 160.0,
    "maxResTime" : 2358.0,
    "pct1ResTime" : 1276.6,
    "pct2ResTime" : 1309.0,
    "pct3ResTime" : 1378.0,
    "throughput" : 16.129515066852925,
    "receivedKBytesPerSec" : 36.80602869000698,
    "sentKBytesPerSec" : 4.7726983059144885
  }
}