{
  "/api/learner/client-types" : {
    "transaction" : "/api/learner/client-types",
    "sampleCount" : 3234,
    "errorCount" : 3114,
    "errorPct" : 96.28942,
    "meanResTime" : 1062.5705009276448,
    "medianResTime" : 1188.0,
    "minResTime" : 163.0,
    "maxResTime" : 1663.0,
    "pct1ResTime" : 1279.0,
    "pct2ResTime" : 1308.0,
    "pct3ResTime" : 1396.65,
    "throughput" : 16.126699811007448,
    "receivedKBytesPerSec" : 36.89219445788059,
    "sentKBytesPerSec" : 4.6143779732667785
  },
  "Total" : {
    "transaction" : "Total",
    "sampleCount" : 3234,
    "errorCount" : 3114,
    "errorPct" : 96.28942,
    "meanResTime" : 1062.5705009276448,
    "medianResTime" : 1188.0,
    "minResTime" : 163.0,
    "maxResTime" : 1663.0,
    "pct1ResTime" : 1279.0,
    "pct2ResTime" : 1308.0,
    "pct3ResTime" : 1396.65,
    "throughput" : 16.126699811007448,
    "receivedKBytesPerSec" : 36.89219445788059,
    "sentKBytesPerSec" : 4.6143779732667785
  }
}