{
  "/api/learner/educational-attainment-1" : {
    "transaction" : "/api/learner/educational-attainment-1",
    "sampleCount" : 1553,
    "errorCount" : 1433,
    "errorPct" : 92.27302,
    "meanResTime" : 2193.401802962012,
    "medianResTime" : 2004.0,
    "minResTime" : 233.0,
    "maxResTime" : 11644.0,
    "pct1ResTime" : 3507.4000000000005,
    "pct2ResTime" : 4621.2999999999965,
    "pct3ResTime" : 7268.200000000001,
    "throughput" : 7.639896691673841,
    "receivedKBytesPerSec" : 4223.186329710367,
    "sentKBytesPerSec" : 1.939817519370311
  },
  "/api/learner/educational-attainment-0" : {
    "transaction" : "/api/learner/educational-attainment-0",
    "sampleCount" : 1553,
    "errorCount" : 0,
    "errorPct" : 0.0,
    "meanResTime" : 55.71989697359953,
    "medianResTime" : 39.0,
    "minResTime" : 32.0,
    "maxResTime" : 1964.0,
    "pct1ResTime" : 68.60000000000014,
    "pct2ResTime" : 94.0,
    "pct3ResTime" : 366.6800000000003,
    "throughput" : 7.818478392202667,
    "receivedKBytesPerSec" : 2.924294164271114,
    "sentKBytesPerSec" : 1.9546195980506664
  },
  "/api/learner/educational-attainment" : {
    "transaction" : "/api/learner/educational-attainment",
    "sampleCount" : 1553,
    "errorCount" : 1433,
    "errorPct" : 92.27302,
    "meanResTime" : 2249.388924661951,
    "medianResTime" : 2050.0,
    "minResTime" : 269.0,
    "maxResTime" : 11684.0,
    "pct1ResTime" : 3563.4000000000024,
    "pct2ResTime" : 4845.499999999999,
    "pct3ResTime" : 7380.700000000002,
    "throughput" : 7.625716291927936,
    "receivedKBytesPerSec" : 4218.199877096397,
    "sentKBytesPerSec" : 3.8426461002293117
  },
  "Total" : {
    "transaction" : "Total",
    "sampleCount" : 4659,
    "errorCount" : 2866,
    "errorPct" : 61.515347,
    "meanResTime" : 1499.503541532523,
    "medianResTime" : 1551.0,
    "minResTime" : 32.0,
    "maxResTime" : 11684.0,
    "pct1ResTime" : 3019.0,
    "pct2ResTime" : 3910.0,
    "pct3ResTime" : 6588.999999999985,
    "throughput" : 22.87714887578381,
    "receivedKBytesPerSec" : 8436.399754192795,
    "sentKBytesPerSec" : 7.6852922004586235
  }
}