{
  "Total" : {
    "transaction" : "Total",
    "sampleCount" : 3199,
    "errorCount" : 3079,
    "errorPct" : 96.248825,
    "meanResTime" : 1075.1547358549562,
    "medianResTime" : 1194.0,
    "minResTime" : 160.0,
    "maxResTime" : 3406.0,
    "pct1ResTime" : 1300.0,
    "pct2ResTime" : 1379.0,
    "pct3ResTime" : 1520.0,
    "throughput" : 15.95487349316469,
    "receivedKBytesPerSec" : 37.03322861752692,
    "sentKBytesPerSec" : 4.970317035468297
  },
  "/api/enrollment/{user_uli}/{id}/status" : {
    "transaction" : "/api/enrollment/{user_uli}/{id}/status",
    "sampleCount" : 3199,
    "errorCount" : 3079,
    "errorPct" : 96.248825,
    "meanResTime" : 1075.1547358549562,
    "medianResTime" : 1194.0,
    "minResTime" : 160.0,
    "maxResTime" : 3406.0,
    "pct1ResTime" : 1300.0,
    "pct2ResTime" : 1379.0,
    "pct3ResTime" : 1520.0,
    "throughput" : 15.95487349316469,
    "receivedKBytesPerSec" : 37.03322861752692,
    "sentKBytesPerSec" : 4.970317035468297
  }
}