{
  "/api/learner/fetch/LMB-07-090-16067-001/" : {
    "transaction" : "/api/learner/fetch/LMB-07-090-16067-001/",
    "sampleCount" : 3215,
    "errorCount" : 3095,
    "errorPct" : 96.267494,
    "meanResTime" : 1070.3433903576997,
    "medianResTime" : 1188.0,
    "minResTime" : 158.0,
    "maxResTime" : 1623.0,
    "pct1ResTime" : 1290.0,
    "pct2ResTime" : 1340.1999999999998,
    "pct3ResTime" : 1479.6800000000003,
    "throughput" : 16.021408388939,
    "receivedKBytesPerSec" : 37.19728406916364,
    "sentKBytesPerSec" : 4.818939241985558
  },
  "Total" : {
    "transaction" : "Total",
    "sampleCount" : 3215,
    "errorCount" : 3095,
    "errorPct" : 96.267494,
    "meanResTime" : 1070.3433903576997,
    "medianResTime" : 1188.0,
    "minResTime" : 158.0,
    "maxResTime" : 1623.0,
    "pct1ResTime" : 1290.0,
    "pct2ResTime" : 1340.1999999999998,
    "pct3ResTime" : 1479.6800000000003,
    "throughput" : 16.021408388939,
    "receivedKBytesPerSec" : 37.19728406916364,
    "sentKBytesPerSec" : 4.818939241985558
  }
}