{
  "Total" : {
    "transaction" : "Total",
    "sampleCount" : 1622,
    "errorCount" : 1621,
    "errorPct" : 99.93835,
    "meanResTime" : 2133.751541307026,
    "medianResTime" : 1420.5,
    "minResTime" : 238.0,
    "maxResTime" : 24520.0,
    "pct1ResTime" : 2271.7,
    "pct2ResTime" : 3590.6499999999955,
    "pct3ResTime" : 22525.89,
    "throughput" : 7.884004996767654,
    "receivedKBytesPerSec" : 18.180677063840026,
    "sentKBytesPerSec" : 18.339550685840386
  },
  "/api/learner/registration" : {
    "transaction" : "/api/learner/registration",
    "sampleCount" : 1622,
    "errorCount" : 1621,
    "errorPct" : 99.93835,
    "meanResTime" : 2133.751541307026,
    "medianResTime" : 1420.5,
    "minResTime" : 238.0,
    "maxResTime" : 24520.0,
    "pct1ResTime" : 2271.7,
    "pct2ResTime" : 3590.6499999999955,
    "pct3ResTime" : 22525.89,
    "throughput" : 7.884004996767654,
    "receivedKBytesPerSec" : 18.180677063840026,
    "sentKBytesPerSec" : 18.339550685840386
  }
}