{
  "/api/learner/educational-attainment" : {
    "transaction" : "/api/learner/educational-attainment",
    "sampleCount" : 1440,
    "errorCount" : 1344,
    "errorPct" : 93.333336,
    "meanResTime" : 2443.2124999999996,
    "medianResTime" : 1393.5,
    "minResTime" : 220.0,
    "maxResTime" : 25984.0,
    "pct1ResTime" : 2707.5000000000023,
    "pct2ResTime" : 5035.100000000008,
    "pct3ResTime" : 23286.59,
    "throughput" : 6.5321527072144,
    "receivedKBytesPerSec" : 3652.275604854943,
    "sentKBytesPerSec" : 1.6330381768036
  },
  "Total" : {
    "transaction" : "Total",
    "sampleCount" : 1440,
    "errorCount" : 1344,
    "errorPct" : 93.333336,
    "meanResTime" : 2443.2124999999996,
    "medianResTime" : 1393.5,
    "minResTime" : 220.0,
    "maxResTime" : 25984.0,
    "pct1ResTime" : 2707.5000000000023,
    "pct2ResTime" : 5035.100000000008,
    "pct3ResTime" : 23286.59,
    "throughput" : 6.5321527072144,
    "receivedKBytesPerSec" : 3652.275604854943,
    "sentKBytesPerSec" : 1.6330381768036
  }
}