{
  "/api/learner/client-types" : {
    "transaction" : "/api/learner/client-types",
    "sampleCount" : 1186,
    "errorCount" : 1095,
    "errorPct" : 92.32715,
    "meanResTime" : 13751.147554806055,
    "medianResTime" : 8509.0,
    "minResTime" : 260.0,
    "maxResTime" : 58024.0,
    "pct1ResTime" : 45626.1,
    "pct2ResTime" : 49212.799999999996,
    "pct3ResTime" : 51231.47999999999,
    "throughput" : 5.370452548927267,
    "receivedKBytesPerSec" : 2836.5974329882088,
    "sentKBytesPerSec" : 2.491645459567647
  },
  "Total" : {
    "transaction" : "Total",
    "sampleCount" : 3458,
    "errorCount" : 2140,
    "errorPct" : 61.885483,
    "meanResTime" : 9128.15442452287,
    "medianResTime" : 7635.5,
    "minResTime" : 32.0,
    "maxResTime" : 58024.0,
    "pct1ResTime" : 21139.3,
    "pct2ResTime" : 29989.799999999985,
    "pct3ResTime" : 50366.46,
    "throughput" : 15.658537027142067,
    "receivedKBytesPerSec" : 5672.584619438231,
    "sentKBytesPerSec" : 4.983290919135294
  },
  "/api/learner/client-types-1" : {
    "transaction" : "/api/learner/client-types-1",
    "sampleCount" : 1136,
    "errorCount" : 1045,
    "errorPct" : 91.98943,
    "meanResTime" : 10389.798415492964,
    "medianResTime" : 8353.0,
    "minResTime" : 222.0,
    "maxResTime" : 36900.0,
    "pct1ResTime" : 24747.7,
    "pct2ResTime" : 28142.899999999998,
    "pct3ResTime" : 30043.0,
    "throughput" : 6.18975747701998,
    "receivedKBytesPerSec" : 3410.2509216867634,
    "sentKBytesPerSec" : 1.5111712590380812
  },
  "/api/learner/client-types-0" : {
    "transaction" : "/api/learner/client-types-0",
    "sampleCount" : 1136,
    "errorCount" : 0,
    "errorPct" : 0.0,
    "meanResTime" : 3040.040492957747,
    "medianResTime" : 51.0,
    "minResTime" : 32.0,
    "maxResTime" : 22111.0,
    "pct1ResTime" : 21112.0,
    "pct2ResTime" : 21129.0,
    "pct3ResTime" : 21175.52,
    "throughput" : 5.687479034930934,
    "receivedKBytesPerSec" : 2.0717086719035533,
    "sentKBytesPerSec" : 1.3663279712822363
  }
}