{
  "/api/learner/fetch/LMB-07-090-16067-001" : {
    "transaction" : "/api/learner/fetch/LMB-07-090-16067-001",
    "sampleCount" : 3192,
    "errorCount" : 3073,
    "errorPct" : 96.27193,
    "meanResTime" : 1077.3768796992456,
    "medianResTime" : 1193.0,
    "minResTime" : 160.0,
    "maxResTime" : 2908.0,
    "pct1ResTime" : 1293.0,
    "pct2ResTime" : 1365.35,
    "pct3ResTime" : 1529.2800000000007,
    "throughput" : 15.914484574118024,
    "receivedKBytesPerSec" : 36.94914478186138,
    "sentKBytesPerSec" : 4.8178615409927605
  },
  "Total" : {
    "transaction" : "Total",
    "sampleCount" : 3192,
    "errorCount" : 3073,
    "errorPct" : 96.27193,
    "meanResTime" : 1077.3768796992456,
    "medianResTime" : 1193.0,
    "minResTime" : 160.0,
    "maxResTime" : 2908.0,
    "pct1ResTime" : 1293.0,
    "pct2ResTime" : 1365.35,
    "pct3ResTime" : 1529.2800000000007,
    "throughput" : 15.914484574118024,
    "receivedKBytesPerSec" : 36.94914478186138,
    "sentKBytesPerSec" : 4.8178615409927605
  }
}