{
  "/api/learner/educational-attainment" : {
    "transaction" : "/api/learner/educational-attainment",
    "sampleCount" : 1662,
    "errorCount" : 1542,
    "errorPct" : 92.779785,
    "meanResTime" : 2084.4434416365843,
    "medianResTime" : 1740.5,
    "minResTime" : 226.0,
    "maxResTime" : 26440.0,
    "pct1ResTime" : 2768.7,
    "pct2ResTime" : 3645.399999999996,
    "pct3ResTime" : 22571.309999999994,
    "throughput" : 7.8294664939347545,
    "receivedKBytesPerSec" : 4351.763452663114,
    "sentKBytesPerSec" : 1.9573666234836886
  },
  "Total" : {
    "transaction" : "Total",
    "sampleCount" : 1662,
    "errorCount" : 1542,
    "errorPct" : 92.779785,
    "meanResTime" : 2084.4434416365843,
    "medianResTime" : 1740.5,
    "minResTime" : 226.0,
    "maxResTime" : 26440.0,
    "pct1ResTime" : 2768.7,
    "pct2ResTime" : 3645.399999999996,
    "pct3ResTime" : 22571.309999999994,
    "throughput" : 7.8294664939347545,
    "receivedKBytesPerSec" : 4351.763452663114,
    "sentKBytesPerSec" : 1.9573666234836886
  }
}