{
  "Total" : {
    "transaction" : "Total",
    "sampleCount" : 3227,
    "errorCount" : 3107,
    "errorPct" : 96.28138,
    "meanResTime" : 1065.1199256275172,
    "medianResTime" : 1188.0,
    "minResTime" : 161.0,
    "maxResTime" : 1610.0,
    "pct1ResTime" : 1281.0,
    "pct2ResTime" : 1325.6,
    "pct3ResTime" : 1443.4399999999996,
    "throughput" : 16.097171646630418,
    "receivedKBytesPerSec" : 36.64422786140071,
    "sentKBytesPerSec" : 4.841727409338056
  },
  "/api/check_user_uli/MMA-89-928-17051-001" : {
    "transaction" : "/api/check_user_uli/MMA-89-928-17051-001",
    "sampleCount" : 3227,
    "errorCount" : 3107,
    "errorPct" : 96.28138,
    "meanResTime" : 1065.1199256275172,
    "medianResTime" : 1188.0,
    "minResTime" : 161.0,
    "maxResTime" : 1610.0,
    "pct1ResTime" : 1281.0,
    "pct2ResTime" : 1325.6,
    "pct3ResTime" : 1443.4399999999996,
    "throughput" : 16.097171646630418,
    "receivedKBytesPerSec" : 36.64422786140071,
    "sentKBytesPerSec" : 4.841727409338056
  }
}