{
  "/api/learner/fetch" : {
    "transaction" : "/api/learner/fetch",
    "sampleCount" : 3211,
    "errorCount" : 3090,
    "errorPct" : 96.231705,
    "meanResTime" : 4848.066334475231,
    "medianResTime" : 4896.0,
    "minResTime" : 737.0,
    "maxResTime" : 7430.0,
    "pct1ResTime" : 5550.8,
    "pct2ResTime" : 5710.799999999999,
    "pct3ResTime" : 6458.200000000004,
    "throughput" : 15.807455250772897,
    "receivedKBytesPerSec" : 38.89300584102948,
    "sentKBytesPerSec" : 3.5196287081799027
  },
  "Total" : {
    "transaction" : "Total",
    "sampleCount" : 3211,
    "errorCount" : 3090,
    "errorPct" : 96.231705,
    "meanResTime" : 4848.066334475231,
    "medianResTime" : 4896.0,
    "minResTime" : 737.0,
    "maxResTime" : 7430.0,
    "pct1ResTime" : 5550.8,
    "pct2ResTime" : 5710.799999999999,
    "pct3ResTime" : 6458.200000000004,
    "throughput" : 15.807455250772897,
    "receivedKBytesPerSec" : 38.89300584102948,
    "sentKBytesPerSec" : 3.5196287081799027
  }
}