{
  "/api/auth/login" : {
    "transaction" : "/api/auth/login",
    "sampleCount" : 1587,
    "errorCount" : 1494,
    "errorPct" : 94.139885,
    "meanResTime" : 2182.401386263393,
    "medianResTime" : 1580.0,
    "minResTime" : 296.0,
    "maxResTime" : 26107.0,
    "pct1ResTime" : 2461.8,
    "pct2ResTime" : 3741.999999999995,
    "pct3ResTime" : 22521.92,
    "throughput" : 7.594536910310769,
    "receivedKBytesPerSec" : 18.115490004952957,
    "sentKBytesPerSec" : 2.914700200929816
  },
  "Total" : {
    "transaction" : "Total",
    "sampleCount" : 1587,
    "errorCount" : 1494,
    "errorPct" : 94.139885,
    "meanResTime" : 2182.401386263393,
    "medianResTime" : 1580.0,
    "minResTime" : 296.0,
    "maxResTime" : 26107.0,
    "pct1ResTime" : 2461.8,
    "pct2ResTime" : 3741.999999999995,
    "pct3ResTime" : 22521.92,
    "throughput" : 7.594536910310769,
    "receivedKBytesPerSec" : 18.115490004952957,
    "sentKBytesPerSec" : 2.914700200929816
  }
}