{
  "/api/learner/educational-attainment" : {
    "transaction" : "/api/learner/educational-attainment",
    "sampleCount" : 1498,
    "errorCount" : 1378,
    "errorPct" : 91.98932,
    "meanResTime" : 2352.3838451268343,
    "medianResTime" : 1522.0,
    "minResTime" : 230.0,
    "maxResTime" : 28084.0,
    "pct1ResTime" : 3036.4000000000005,
    "pct2ResTime" : 5430.149999999996,
    "pct3ResTime" : 23065.11,
    "throughput" : 6.742220341881881,
    "receivedKBytesPerSec" : 3715.57499612508,
    "sentKBytesPerSec" : 1.6855550854704702
  },
  "Total" : {
    "transaction" : "Total",
    "sampleCount" : 1498,
    "errorCount" : 1378,
    "errorPct" : 91.98932,
    "meanResTime" : 2352.3838451268343,
    "medianResTime" : 1522.0,
    "minResTime" : 230.0,
    "maxResTime" : 28084.0,
    "pct1ResTime" : 3036.4000000000005,
    "pct2ResTime" : 5430.149999999996,
    "pct3ResTime" : 23065.11,
    "throughput" : 6.742220341881881,
    "receivedKBytesPerSec" : 3715.57499612508,
    "sentKBytesPerSec" : 1.6855550854704702
  }
}