{
  "/api/trainer/stop_schedule" : {
    "transaction" : "/api/trainer/stop_schedule",
    "sampleCount" : 1776,
    "errorCount" : 1775,
    "errorPct" : 99.943695,
    "meanResTime" : 1980.2995495495509,
    "medianResTime" : 1960.0,
    "minResTime" : 249.0,
    "maxResTime" : 22319.0,
    "pct1ResTime" : 2319.0,
    "pct2ResTime" : 3738.1499999999915,
    "pct3ResTime" : 6044.4400000000005,
    "throughput" : 8.04807091003018,
    "receivedKBytesPerSec" : 18.39859167963829,
    "sentKBytesPerSec" : 3.049464368253623
  },
  "Total" : {
    "transaction" : "Total",
    "sampleCount" : 1776,
    "errorCount" : 1775,
    "errorPct" : 99.943695,
    "meanResTime" : 1980.2995495495509,
    "medianResTime" : 1960.0,
    "minResTime" : 249.0,
    "maxResTime" : 22319.0,
    "pct1ResTime" : 2319.0,
    "pct2ResTime" : 3738.1499999999915,
    "pct3ResTime" : 6044.4400000000005,
    "throughput" : 8.04807091003018,
    "receivedKBytesPerSec" : 18.39859167963829,
    "sentKBytesPerSec" : 3.049464368253623
  }
}