{
  "/api/learner/check_class?rqm_code=RQM1-2025-STEP-0458-0086&date=December 13, 2025" : {
    "transaction" : "/api/learner/check_class?rqm_code=RQM1-2025-STEP-0458-0086&date=December 13, 2025",
    "sampleCount" : 3200,
    "errorCount" : 3081,
    "errorPct" : 96.28125,
    "meanResTime" : 1073.4203125000013,
    "medianResTime" : 1196.0,
    "minResTime" : 163.0,
    "maxResTime" : 2309.0,
    "pct1ResTime" : 1290.0,
    "pct2ResTime" : 1335.0,
    "pct3ResTime" : 1483.949999999999,
    "throughput" : 15.962488152840823,
    "receivedKBytesPerSec" : 36.75075486668828,
    "sentKBytesPerSec" : 5.502693669875792
  },
  "Total" : {
    "transaction" : "Total",
    "sampleCount" : 3200,
    "errorCount" : 3081,
    "errorPct" : 96.28125,
    "meanResTime" : 1073.4203125000013,
    "medianResTime" : 1196.0,
    "minResTime" : 163.0,
    "maxResTime" : 2309.0,
    "pct1ResTime" : 1290.0,
    "pct2ResTime" : 1335.0,
    "pct3ResTime" : 1483.949999999999,
    "throughput" : 15.962488152840823,
    "receivedKBytesPerSec" : 36.75075486668828,
    "sentKBytesPerSec" : 5.502693669875792
  }
}