{
  "/api/learner/get_student_attendance?user_uli=MAF-02-243-06045-002&schedule_id=11446" : {
    "transaction" : "/api/learner/get_student_attendance?user_uli=MAF-02-243-06045-002&schedule_id=11446",
    "sampleCount" : 3191,
    "errorCount" : 3071,
    "errorPct" : 96.239426,
    "meanResTime" : 1076.788467565028,
    "medianResTime" : 1192.0,
    "minResTime" : 160.0,
    "maxResTime" : 2560.0,
    "pct1ResTime" : 1282.0,
    "pct2ResTime" : 1323.7999999999993,
    "pct3ResTime" : 1551.1599999999999,
    "throughput" : 15.912830997855682,
    "receivedKBytesPerSec" : 41.98524788217474,
    "sentKBytesPerSec" : 5.454495781491548
  },
  "Total" : {
    "transaction" : "Total",
    "sampleCount" : 3191,
    "errorCount" : 3071,
    "errorPct" : 96.239426,
    "meanResTime" : 1076.788467565028,
    "medianResTime" : 1192.0,
    "minResTime" : 160.0,
    "maxResTime" : 2560.0,
    "pct1ResTime" : 1282.0,
    "pct2ResTime" : 1323.7999999999993,
    "pct3ResTime" : 1551.1599999999999,
    "throughput" : 15.912830997855682,
    "receivedKBytesPerSec" : 41.98524788217474,
    "sentKBytesPerSec" : 5.454495781491548
  }
}