{
  "/api/learner/educational-attainment" : {
    "transaction" : "/api/learner/educational-attainment",
    "sampleCount" : 1395,
    "errorCount" : 1302,
    "errorPct" : 93.333336,
    "meanResTime" : 2513.1598566308267,
    "medianResTime" : 1982.0,
    "minResTime" : 229.0,
    "maxResTime" : 24816.0,
    "pct1ResTime" : 3711.0000000000005,
    "pct2ResTime" : 4674.200000000001,
    "pct3ResTime" : 22219.719999999998,
    "throughput" : 6.375161092780301,
    "receivedKBytesPerSec" : 3564.4988741714,
    "sentKBytesPerSec" : 1.5937902731950753
  },
  "Total" : {
    "transaction" : "Total",
    "sampleCount" : 1395,
    "errorCount" : 1302,
    "errorPct" : 93.333336,
    "meanResTime" : 2513.1598566308267,
    "medianResTime" : 1982.0,
    "minResTime" : 229.0,
    "maxResTime" : 24816.0,
    "pct1ResTime" : 3711.0000000000005,
    "pct2ResTime" : 4674.200000000001,
    "pct3ResTime" : 22219.719999999998,
    "throughput" : 6.375161092780301,
    "receivedKBytesPerSec" : 3564.4988741714,
    "sentKBytesPerSec" : 1.5937902731950753
  }
}