{
  "/api/learner/attendance-0" : {
    "transaction" : "/api/learner/attendance-0",
    "sampleCount" : 1182,
    "errorCount" : 0,
    "errorPct" : 0.0,
    "meanResTime" : 788.9839255499161,
    "medianResTime" : 38.0,
    "minResTime" : 32.0,
    "maxResTime" : 22394.0,
    "pct1ResTime" : 85.0,
    "pct2ResTime" : 342.24999999999955,
    "pct3ResTime" : 21144.53,
    "throughput" : 5.9171893851029,
    "receivedKBytesPerSec" : 2.1438254510480235,
    "sentKBytesPerSec" : 1.4099552831690503
  },
  "/api/learner/attendance-1" : {
    "transaction" : "/api/learner/attendance-1",
    "sampleCount" : 1182,
    "errorCount" : 1182,
    "errorPct" : 100.0,
    "meanResTime" : 2132.290186125212,
    "medianResTime" : 1317.0,
    "minResTime" : 282.0,
    "maxResTime" : 27609.0,
    "pct1ResTime" : 3188.2000000000035,
    "pct2ResTime" : 4603.349999999993,
    "pct3ResTime" : 22716.74000000003,
    "throughput" : 6.558686930900738,
    "receivedKBytesPerSec" : 3914.879615651652,
    "sentKBytesPerSec" : 1.5884319910775224
  },
  "Total" : {
    "transaction" : "Total",
    "sampleCount" : 3546,
    "errorCount" : 2364,
    "errorPct" : 66.666664,
    "meanResTime" : 1947.6015228426356,
    "medianResTime" : 730.5,
    "minResTime" : 32.0,
    "maxResTime" : 49048.0,
    "pct1ResTime" : 2798.0,
    "pct2ResTime" : 4401.549999999983,
    "pct3ResTime" : 26940.18999999964,
    "throughput" : 17.58387797403576,
    "receivedKBytesPerSec" : 7001.45722638623,
    "sentKBytesPerSec" : 5.63233591355833
  },
  "/api/learner/attendance" : {
    "transaction" : "/api/learner/attendance",
    "sampleCount" : 1182,
    "errorCount" : 1182,
    "errorPct" : 100.0,
    "meanResTime" : 2921.530456852791,
    "medianResTime" : 1397.0,
    "minResTime" : 333.0,
    "maxResTime" : 49048.0,
    "pct1ResTime" : 3307.3,
    "pct2ResTime" : 5036.399999999994,
    "pct3ResTime" : 43778.280000000035,
    "throughput" : 5.861292658011921,
    "receivedKBytesPerSec" : 3500.728613193115,
    "sentKBytesPerSec" : 2.816167956779165
  }
}