{
  "Total" : {
    "transaction" : "Total",
    "sampleCount" : 1315,
    "errorCount" : 1195,
    "errorPct" : 90.87453,
    "meanResTime" : 2666.699619771865,
    "medianResTime" : 1826.0,
    "minResTime" : 412.0,
    "maxResTime" : 29371.0,
    "pct1ResTime" : 4245.800000000002,
    "pct2ResTime" : 8779.8,
    "pct3ResTime" : 22668.35999999999,
    "throughput" : 5.957936515128175,
    "receivedKBytesPerSec" : 3430.390956488091,
    "sentKBytesPerSec" : 1.3672998838428918
  },
  "/api/tesda/cities" : {
    "transaction" : "/api/tesda/cities",
    "sampleCount" : 1315,
    "errorCount" : 1195,
    "errorPct" : 90.87453,
    "meanResTime" : 2666.699619771865,
    "medianResTime" : 1826.0,
    "minResTime" : 412.0,
    "maxResTime" : 29371.0,
    "pct1ResTime" : 4245.800000000002,
    "pct2ResTime" : 8779.8,
    "pct3ResTime" : 22668.35999999999,
    "throughput" : 5.957936515128175,
    "receivedKBytesPerSec" : 3430.390956488091,
    "sentKBytesPerSec" : 1.3672998838428918
  }
}