{
  "/api/enroll" : {
    "transaction" : "/api/enroll",
    "sampleCount" : 1478,
    "errorCount" : 1385,
    "errorPct" : 93.70771,
    "meanResTime" : 2340.549391069012,
    "medianResTime" : 1325.0,
    "minResTime" : 261.0,
    "maxResTime" : 25710.0,
    "pct1ResTime" : 2490.300000000002,
    "pct2ResTime" : 6300.449999999994,
    "pct3ResTime" : 22656.78,
    "throughput" : 7.072616341667663,
    "receivedKBytesPerSec" : 16.33766748414882,
    "sentKBytesPerSec" : 3.2254998355066395
  },
  "Total" : {
    "transaction" : "Total",
    "sampleCount" : 1478,
    "errorCount" : 1385,
    "errorPct" : 93.70771,
    "meanResTime" : 2340.549391069012,
    "medianResTime" : 1325.0,
    "minResTime" : 261.0,
    "maxResTime" : 25710.0,
    "pct1ResTime" : 2490.300000000002,
    "pct2ResTime" : 6300.449999999994,
    "pct3ResTime" : 22656.78,
    "throughput" : 7.072616341667663,
    "receivedKBytesPerSec" : 16.33766748414882,
    "sentKBytesPerSec" : 3.2254998355066395
  }
}