{
  "Total" : {
    "transaction" : "Total",
    "sampleCount" : 2095,
    "errorCount" : 1330,
    "errorPct" : 63.484486,
    "meanResTime" : 3804.610978520287,
    "medianResTime" : 908.0,
    "minResTime" : 32.0,
    "maxResTime" : 66951.0,
    "pct1ResTime" : 7325.200000000004,
    "pct2ResTime" : 21939.799999999996,
    "pct3ResTime" : 64587.28,
    "throughput" : 8.316759361812776,
    "receivedKBytesPerSec" : 3165.9766246834074,
    "sentKBytesPerSec" : 2.7192447380121556
  },
  "/api/learner/check_class-0" : {
    "transaction" : "/api/learner/check_class-0",
    "sampleCount" : 665,
    "errorCount" : 0,
    "errorPct" : 0.0,
    "meanResTime" : 1337.2315789473687,
    "medianResTime" : 41.0,
    "minResTime" : 32.0,
    "maxResTime" : 23391.0,
    "pct1ResTime" : 141.79999999999995,
    "pct2ResTime" : 21110.0,
    "pct3ResTime" : 21245.72000000001,
    "throughput" : 3.1934613279036483,
    "receivedKBytesPerSec" : 1.1601246230274973,
    "sentKBytesPerSec" : 0.7640605716175722
  },
  "/api/learner/check_class-1" : {
    "transaction" : "/api/learner/check_class-1",
    "sampleCount" : 665,
    "errorCount" : 565,
    "errorPct" : 84.9624,
    "meanResTime" : 2694.9338345864653,
    "medianResTime" : 1188.0,
    "minResTime" : 287.0,
    "maxResTime" : 25566.0,
    "pct1ResTime" : 3425.999999999999,
    "pct2ResTime" : 21421.8,
    "pct3ResTime" : 21877.88,
    "throughput" : 2.8966316312174127,
    "receivedKBytesPerSec" : 1474.3243739437096,
    "sentKBytesPerSec" : 0.7043567150128279
  },
  "/api/learner/check_class-2" : {
    "transaction" : "/api/learner/check_class-2",
    "sampleCount" : 100,
    "errorCount" : 100,
    "errorPct" : 100.0,
    "meanResTime" : 13038.020000000002,
    "medianResTime" : 21673.0,
    "minResTime" : 355.0,
    "maxResTime" : 25472.0,
    "pct1ResTime" : 23965.4,
    "pct2ResTime" : 24493.8,
    "pct3ResTime" : 25470.1,
    "throughput" : 0.4020941061045927,
    "receivedKBytesPerSec" : 241.43254082888683,
    "sentKBytesPerSec" : 0.08717274565939412
  },
  "/api/learner/check_class" : {
    "transaction" : "/api/learner/check_class",
    "sampleCount" : 665,
    "errorCount" : 665,
    "errorPct" : 100.0,
    "meanResTime" : 5993.184962406011,
    "medianResTime" : 1372.0,
    "minResTime" : 432.0,
    "maxResTime" : 66951.0,
    "pct1ResTime" : 7591.399999999987,
    "pct2ResTime" : 64225.899999999994,
    "pct3ResTime" : 65019.74,
    "throughput" : 2.6399364827312426,
    "receivedKBytesPerSec" : 1582.9945965350832,
    "sentKBytesPerSec" : 1.3596277664747916
  }
}