{
  "/api/learner/educational-attainment" : {
    "transaction" : "/api/learner/educational-attainment",
    "sampleCount" : 1463,
    "errorCount" : 1374,
    "errorPct" : 93.91661,
    "meanResTime" : 2352.3164730006856,
    "medianResTime" : 1536.0,
    "minResTime" : 223.0,
    "maxResTime" : 25356.0,
    "pct1ResTime" : 3128.6000000000063,
    "pct2ResTime" : 4701.999999999999,
    "pct3ResTime" : 23103.239999999998,
    "throughput" : 7.257808469262214,
    "receivedKBytesPerSec" : 4083.350400988647,
    "sentKBytesPerSec" : 1.8144521173155534
  },
  "Total" : {
    "transaction" : "Total",
    "sampleCount" : 1463,
    "errorCount" : 1374,
    "errorPct" : 93.91661,
    "meanResTime" : 2352.3164730006856,
    "medianResTime" : 1536.0,
    "minResTime" : 223.0,
    "maxResTime" : 25356.0,
    "pct1ResTime" : 3128.6000000000063,
    "pct2ResTime" : 4701.999999999999,
    "pct3ResTime" : 23103.239999999998,
    "throughput" : 7.257808469262214,
    "receivedKBytesPerSec" : 4083.350400988647,
    "sentKBytesPerSec" : 1.8144521173155534
  }
}